category,vehicle-brand,vehicle-model,vehicle-variant,type,recommended-sku,sku-desc.,upsize-sku,alternate-sku1,alternate-sku2,alternate-sku3,,
Motorcycle,Bajaj,Vikrant,V12,Front,100227,2.75-18 SECURA ZOOM F TT 42P,,100226,103202,105762,,
Motorcycle,Bajaj,Wind,125 cc,Front,100227,2.75-18 SECURA ZOOM F TT 42P,,100226,103202,105762,,
Motorcycle,Hero,Ambition,135 cc,Front,100227,2.75-18 SECURA ZOOM F TT 42P,,100226,103202,105762,,
Motorcycle,Hero,CD,100cc,Front,100227,2.75-18 SECURA ZOOM F TT 42P,,100226,103202,105762,,
Motorcycle,Hero,CD,Dawn 100 cc,Front,100227,2.75-18 SECURA ZOOM F TT 42P,,100226,103202,105762,,
Motorcycle,Hero,Glamour,125 cc,Front,100227,2.75-18 SECURA ZOOM F TT 42P,,100226,103202,105762,,
Motorcycle,Hero,Passion,100 cc,Front,100227,2.75-18 SECURA ZOOM F TT 42P,,100226,103202,105762,,
Motorcycle,Hero,Splendor,Splendor 100 cc,Front,100227,2.75-18 SECURA ZOOM F TT 42P,,100226,103202,105762,,
Motorcycle,Hero,HF Deluxe,100 cc,Front,100227,2.75-18 SECURA ZOOM F TT 42P,,100226,103202,105762,,
Motorcycle,Honda,Unicorn,150 cc,Front,100227,2.75-18 SECURA ZOOM F TT 42P,,100226,103202,105762,,
Motorcycle,Yamaha,Alba,100 cc,Front,100227,2.75-18 SECURA ZOOM F TT 42P,,100226,103202,105762,,
Motorcycle,Yamaha,Crux R,100 cc,Front,100227,2.75-18 SECURA ZOOM F TT 42P,,100226,103202,105762,,
Motorcycle,Yamaha,Enticer,125 cc,Front,100227,2.75-18 SECURA ZOOM F TT 42P,,100226,103202,105762,,
Motorcycle,Yamaha,G5,150 cc,Front,100227,2.75-18 SECURA ZOOM F TT 42P,,100226,103202,105762,,
Motorcycle,Yamaha,Gladiator,125 cc,Front,100227,2.75-18 SECURA ZOOM F TT 42P,,100226,103202,105762,,
Motorcycle,Yamaha,YBR,YBR,Front,100227,2.75-18 SECURA ZOOM F TT 42P,,100226,103202,105762,,
Motorcycle,Mahindra,Centuro,100 cc,Front,100227,2.75-18 SECURA ZOOM F TT 42P,,100226,103202,105762,,
Motorcycle,Mahindra,PANTERO,100 cc,Front,100227,2.75-18 SECURA ZOOM F TT 42P,,100226,103202,105762,,
Motorcycle,Mahindra,Stallion,100 cc,Front,100227,2.75-18 SECURA ZOOM F TT 42P,,100226,103202,105762,,
Motorcycle,Suzuki,GS 150,150 cc,Front,100227,2.75-18 SECURA ZOOM F TT 42P,,100226,103202,105762,,
Motorcycle,Suzuki,Heat,125 cc,Front,100227,2.75-18 SECURA ZOOM F TT 42P,,100226,103202,105762,,
Motorcycle,Suzuki,Sling Shot,125 cc,Front,100227,2.75-18 SECURA ZOOM F TT 42P,,100226,103202,105762,,
Motorcycle,Suzuki,Zeus,125 cc,Front,100227,2.75-18 SECURA ZOOM F TT 42P,,100226,103202,105762,,
Motorcycle,TVS,Radeon,110 cc,Front,100227,2.75-18 SECURA ZOOM F TT 42P,,100226,103202,105762,,
Motorcycle,Bajaj,Boxer,100 cc,Front,100523,2.75-17 SECURA ZOOM F TT 41P,,100670,105766,,,
Motorcycle,Bajaj,CT,100 cc,Front,100523,2.75-17 SECURA ZOOM F TT 41P,,100670,105766,,,
Motorcycle,Bajaj,CT,110 cc,Front,100523,2.75-17 SECURA ZOOM F TT 41P,,100670,105766,,,
Motorcycle,Bajaj,Platina,100 cc,Front,100523,2.75-17 SECURA ZOOM F TT 41P,,100670,105766,,,
Motorcycle,Bajaj,Discover,110 cc,Front,100523,2.75-17 SECURA ZOOM F TT 41P,,100670,105766,,,
Motorcycle,Bajaj,Discover,125 cc,Front,100523,2.75-17 SECURA ZOOM F TT 41P,,100670,105766,,,
Motorcycle,Bajaj,Pulsar,135 cc,Front,100523,2.75-17 SECURA ZOOM F TT 41P,,100670,105766,,,
Motorcycle,Bajaj,XCD,100 cc,Front,100523,2.75-17 SECURA ZOOM F TT 41P,,100670,105766,,,
Motorcycle,Yamaha,SZ RR,150 cc,Front,100523,2.75-17 SECURA ZOOM F TT 41P,,100670,105766,,,
Motorcycle,Yamaha,Saluto RX,110 cc,Front,100523,2.75-17 SECURA ZOOM F TT 41P,,100670,105766,,,
Motorcycle,TVS,Flame,135 cc,Front,100523,2.75-17 SECURA ZOOM F TT 41P,,100670,105766,,,
Motorcycle,TVS,Jive,125 cc,Front,100523,2.75-17 SECURA ZOOM F TT 41P,,100670,105766,,,
Motorcycle,TVS,MAX 1,100 cc,Front,100523,2.75-17 SECURA ZOOM F TT 41P,,100670,105766,,,
Motorcycle,TVS,Star City,110 cc,Front,100523,2.75-17 SECURA ZOOM F TT 41P,,100670,105766,,,
Motorcycle,TVS,Phoenix,125 cc,Front,100523,2.75-17 SECURA ZOOM F TT 41P,,100670,105766,,,
Motorcycle,TVS,Sport,100 cc,Front,100523,2.75-17 SECURA ZOOM F TT 41P,,100670,105766,,,
Motorcycle,TVS,Victor,125 cc,Front,100523,2.75-17 SECURA ZOOM F TT 41P,,100670,105766,,,
Motorcycle,Royal Enfield,Bullet Standard,350 cc,Front,100529,3.25-19 SECURA F67  TT 54P,,,,,,
Motorcycle,Royal Enfield,Bullet Electra,350 cc,Front,100529,3.25-19 SECURA F67  TT 54P,,,,,,
Motorcycle,TVS,XL Super,70 cc,Front,101859,2.50-16 SECURA F85  TT 41L,,,,,,
Motorcycle,Hero,Achiever,150 cc,Front,101922,80/100-18 SECURA ZOOM F  TL 47P,,102572,105740,,,
Motorcycle,Hero,CBZ Xtreme,150 cc,Front,101922,80/100-18 SECURA ZOOM F  TL 47P,,102572,105740,,,
Motorcycle,Hero,Glamour,125 cc,Front,101922,80/100-18 SECURA ZOOM F  TL 47P,,102572,105740,,,
Motorcycle,Hero,Hunk,150 cc,Front,101922,80/100-18 SECURA ZOOM F  TL 47P,,102572,105740,,,
Motorcycle,Hero,Karizma,200 cc,Front,101922,80/100-18 SECURA ZOOM F  TL 47P,,102572,105740,,,
Motorcycle,Hero,Splendor,Splendor +,Front,101922,80/100-18 SECURA ZOOM F  TL 47P,,102572,105740,,,
Motorcycle,Hero,Splendor,Splendor I Smart 125 cc,Front,101922,80/100-18 SECURA ZOOM F  TL 47P,,102572,105740,,,
Motorcycle,Hero,Passion,Passion Pro 110 cc,Front,101922,80/100-18 SECURA ZOOM F  TL 47P,,102572,105740,,,
Motorcycle,Honda,Dream,110 cc,Front,101922,80/100-18 SECURA ZOOM F  TL 47P,,102572,105740,,,
Motorcycle,Honda,Shine,125 cc,Front,101922,80/100-18 SECURA ZOOM F  TL 47P,,102572,105740,,,
Motorcycle,Honda,Livo,110 cc,Front,101922,80/100-18 SECURA ZOOM F  TL 47P,,102572,105740,,,
Motorcycle,Honda,Unicorn,150 cc,Front,101922,80/100-18 SECURA ZOOM F  TL 47P,,102572,105740,,,
Motorcycle,Yamaha,Saluto,125 cc,Front,101922,80/100-18 SECURA ZOOM F  TL 47P,,102572,105740,,,
Motorcycle,Royal Enfield,Bullet Standard,350 cc,Rear,101959,3.50-19 MILAZE  TT 63P,,100236,,,,
Motorcycle,Royal Enfield,Bullet Electra,350 cc,Rear,101959,3.50-19 MILAZE  TT 63P,,100236,,,,
Motorcycle,TVS,XL Super,70 cc,Rear,101962,2.50-16 MILAZE  TT 41L,,100222,,,,
Motorcycle,Bajaj,Platina,110 cc,Rear,102442,80/100-17 ZOOM XL  TL 53P,,,,,,
Motorcycle,Suzuki,Hayate,100 cc,Rear,102442,80/100-17 ZOOM XL  TL 53P,,,,,,
Motorcycle,Bajaj,Pulsar,AS 160 cc,Rear,102453,110/80-17 ZOOM XL TL 57P,,106385,,,,
Motorcycle,Bajaj,Pulsar,NS 160 cc,Rear,102453,110/80-17 ZOOM XL TL 57P,,106385,,,,
Motorcycle,Honda,CB Twister,125 cc,Rear,102453,110/80-17 ZOOM XL TL 57P,,106385,,,,
Motorcycle,Honda,Trigger,100 cc,Rear,102453,110/80-17 ZOOM XL TL 57P,,106385,,,,
Motorcycle,Honda,Unicorn,160 cc,Rear,102453,110/80-17 ZOOM XL TL 57P,,106385,,,,
Motorcycle,TVS,Apache,160 cc,Rear,102453,110/80-17 ZOOM XL TL 57P,,106385,,,,
Motorcycle,TVS,Apache,180 cc,Rear,102453,110/80-17 ZOOM XL TL 57P,,106385,,,,
Motorcycle,Hero,Impulse,150 cc,Front,103033,90/90-19 ZOOM PLUS F  TT 52P,,,,,,
Motorcycle,Royal Enfield,Classic,350 cc,Front,103033,90/90-19 ZOOM PLUS F  TT 52P,,102322,,,,
Motorcycle,Royal Enfield,Thunderbird,350 cc,Front,103033,90/90-19 ZOOM PLUS F  TT 52P,,102322,,,,
Motorcycle,Royal Enfield,Classic,500 cc,Front,103033,90/90-19 ZOOM PLUS F  TT 52P,,102322,,,,
Motorcycle,Royal Enfield,Thunderbird,500 cc,Front,103033,90/90-19 ZOOM PLUS F  TT 52P,,102322,,,,
Motorcycle,Bajaj,Pulsar,NS 200 cc,Rear,103061,130/70-17 ZOOM XL TL 62P,,,,,,
Motorcycle,Bajaj,Pulsar,RS 200 cc,Rear,103061,130/70-17 ZOOM XL TL 62P,,,,,,
Motorcycle,Honda,CBR,150 cc,Rear,103061,130/70-17 ZOOM XL TL 62P,,,,,,
Motorcycle,Honda,Xblade,160 cc,Rear,103061,130/70-17 ZOOM XL TL 62P,,,,,,
Motorcycle,TVS,Apache,200 cc,Rear,103061,130/70-17 ZOOM XL TL 62P,,,,,,
Motorcycle,Hero,Xpulse,200 cc,Front,103172,90/90-21 GRIPP XL F TT 54S RE,,,,,,
Motorcycle,Honda,AFRICA TWIN,1000 cc,Front,103172,90/90-21 GRIPP XL F TT 54S RE,,,,,,
Motorcycle,Royal Enfield,Himalayan,411 cc,Front,103172,90/90-21 GRIPP XL F TT 54S RE,,,,,,
Motorcycle,Bajaj,Pulsar,NS 200 cc,Front,103742,100/80-17 ZOOM PLUS F TL 52P SZ,,102502,106502,,,
Motorcycle,Bajaj,Pulsar,RS 200 cc,Front,103742,100/80-17 ZOOM PLUS F TL 52P SZ,,102502,106502,,,
Motorcycle,Hero,Xtreme,200 cc,Front,103742,100/80-17 ZOOM PLUS F TL 52P SZ,,106502,,,,
Motorcycle,Hero,Xpulse,200T,Front,103742,100/80-17 ZOOM PLUS F TL 52P SZ,,106502,,,,
Motorcycle,Honda,Hornet,160R,Front,103742,100/80-17 ZOOM PLUS F TL 52P SZ,,106502,,,,
Motorcycle,Yamaha,FZ 16,150 cc,Front,103742,100/80-17 ZOOM PLUS F TL 52P SZ,,106502,,,,
Motorcycle,Yamaha,Fazer,150 cc,Front,103742,100/80-17 ZOOM PLUS F TL 52P SZ,,106502,,,,
Motorcycle,Yamaha,FZ25,250 cc,Front,103742,100/80-17 ZOOM PLUS F TL 52P SZ,,106502,,,,
Motorcycle,Yamaha,MT15,MT15,Front,103742,100/80-17 ZOOM PLUS F TL 52P SZ,,106502,,,,
Motorcycle,Yamaha,R15,155 cc,Front,103742,100/80-17 ZOOM PLUS F TL 52P SZ,,106502,,,,
Motorcycle,Suzuki,Gixxer,155 cc,Front,103742,100/80-17 ZOOM PLUS F TL 52P SZ,,106502,,,,
Motorcycle,Suzuki,Intruder,155 cc,Front,103742,100/80-17 ZOOM PLUS F TL 52P SZ,,106502,,,,
Motorcycle,Bajaj,KTM Duke,200 cc,Rear,113496,150/60ZR17 SPORTRAD TL 66W,,104974,,,,
Motorcycle,Bajaj,KTM Duke,250 cc,Rear,113496,150/60ZR17 SPORTRAD TL 66W,,104974,,,,
Motorcycle,Bajaj,KTM Duke,390 cc,Rear,113496,150/60ZR17 SPORTRAD TL 66W,,104974,,,,
Motorcycle,Bajaj,KTM Duke,125 cc,Rear,113496,150/60ZR17 SPORTRAD TL 66W,,104974,,,,
Motorcycle,Bajaj,Dominar,400 cc,Rear,113496,150/60ZR17 SPORTRAD TL 66W,,104974,,,,
Motorcycle,Honda,CBR,300R,Rear,113496,150/60ZR17 SPORTRAD TL 66W,,104974,,,,
Motorcycle,Kawasaki,Ninja,400 cc,Rear,113496,150/60ZR17 SPORTRAD TL 66W,,104974,,,,
Motorcycle,Mahindra,Mojo,300 cc,Rear,113496,150/60ZR17 SPORTRAD TL 66W,,104974,,,,
Motorcycle,Suzuki,Gixxer,250 cc,Rear,113496,150/60ZR17 SPORTRAD TL 66W,,104974,,,,
Motorcycle,TVS,Apache,RR 310,Rear,113496,150/60ZR17 SPORTRAD TL 66W,,104974,,,,
Motorcycle,Bajaj,KTM RC,200 cc,Rear,113496,150/60ZR17 SPORTRAD TL 66W,,104974,,,,
Motorcycle,Bajaj,KTM RC,250 cc,Rear,113496,150/60ZR17 SPORTRAD TL 66W,,104974,,,,
Motorcycle,Bajaj,KTM RC,390 cc,Rear,113496,150/60ZR17 SPORTRAD TL 66W,,104974,,,,
Motorcycle,Bajaj,KTM RC,125 cc,Rear,113496,150/60ZR17 SPORTRAD TL 66W,,104974,,,,
Motorcycle,Bajaj,Dominar,250 cc,Rear,113496,150/60ZR17 SPORTRAD TL 66W,,104974,,,,
Motorcycle,Hero,Xtreme,200 cc,Rear,104975,130/70R17 ZOOM RAD TL 62H,,,,,,
Motorcycle,Hero,Xpulse,200T,Rear,104975,130/70R17 ZOOM RAD TL 62H,,,,,,
Motorcycle,Yamaha,YZF R15,150 cc,Rear,104975,130/70R17 ZOOM RAD TL 62H,,,,,,
Motorcycle,Bajaj,KTM Duke,200 cc,Front,113494,110/70ZR17 SPORTRAD TL 54W,,104976,,,,
Motorcycle,Bajaj,KTM Duke,250 cc,Front,113494,110/70ZR17 SPORTRAD TL 54W,,104976,,,,
Motorcycle,Bajaj,KTM Duke,390 cc,Front,113494,110/70ZR17 SPORTRAD TL 54W,,104976,,,,
Motorcycle,Bajaj,KTM Duke,125 cc,Front,113494,110/70ZR17 SPORTRAD TL 54W,,104976,,,,
Motorcycle,Bajaj,Dominar,400 cc,Front,113494,110/70ZR17 SPORTRAD TL 54W,,104976,,,,
Motorcycle,Honda,CBR,300R,Front,113494,110/70ZR17 SPORTRAD TL 54W,,104976,,,,
Motorcycle,Yamaha,YZF R3,YZF R3,Front,113494,110/70ZR17 SPORTRAD TL 54W,,104976,,,,
Motorcycle,Kawasaki,Ninja,300 cc,Front,113494,110/70ZR17 SPORTRAD TL 54W,,104976,,,,
Motorcycle,Kawasaki,Ninja,400 cc,Front,113494,110/70ZR17 SPORTRAD TL 54W,,104976,,,,
Motorcycle,Mahindra,Mojo,300 cc,Front,113494,110/70ZR17 SPORTRAD TL 54W,,104976,,,,
Motorcycle,Suzuki,Gixxer,250 cc,Front,113494,110/70ZR17 SPORTRAD TL 54W,,104976,,,,
Motorcycle,TVS,Apache,RR 310,Front,113494,110/70ZR17 SPORTRAD TL 54W,,104976,,,,
Motorcycle,Bajaj,KTM RC,200 cc,Front,113494,110/70ZR17 SPORTRAD TL 54W,,104976,,,,
Motorcycle,Bajaj,KTM RC,250 cc,Front,113494,110/70ZR17 SPORTRAD TL 54W,,104976,,,,
Motorcycle,Bajaj,KTM RC,390 cc,Front,113494,110/70ZR17 SPORTRAD TL 54W,,104976,,,,
Motorcycle,Bajaj,KTM RC,125 cc,Front,113494,110/70ZR17 SPORTRAD TL 54W,,104976,,,,
Motorcycle,Bajaj,Dominar,250 cc,Front,113494,110/70ZR17 SPORTRAD TL 54W,,104976,,,,
Motorcycle,Royal Enfield,Meteor,350 cc,Front,105726,100/90-19 ZOOM PLUS F TL 57 P,,,,,,
Motorcycle,Honda,Hness,350 cc,Front,105726,100/90-19 ZOOM PLUS F TL 57 P,,,,,,
Motorcycle,Royal Enfield,Meteor,350 cc,Rear,105808,140/70-17 ZOOM PLUS  TL 66P,,106388,101824,106361,,
Motorcycle,Bajaj,Avenger,220 cc,Front,106073,90/90-17 ZOOM X3 F  TL 49P,,106760,,,,
Motorcycle,Bajaj,Avenger,160 cc,Front,106073,90/90-17 ZOOM X3 F  TL 49P,,106760,,,,
Motorcycle,Bajaj,Avenger,150 cc,Front,106073,90/90-17 ZOOM X3 F  TL 49P,,106760,,,,
Motorcycle,Bajaj,Pulsar,150 cc Twin Disc,Front,106073,90/90-17 ZOOM X3 F  TL 49P,,106760,,,,
Motorcycle,Bajaj,Pulsar,180 cc,Front,106073,90/90-17 ZOOM X3 F  TL 49P,,106760,,,,
Motorcycle,Bajaj,Pulsar,160 cc,Front,106073,90/90-17 ZOOM X3 F  TL 49P,,106760,,,,
Motorcycle,Bajaj,Pulsar,220 cc,Front,106073,90/90-17 ZOOM X3 F  TL 49P,,106760,,,,
Motorcycle,TVS,Apache,160 cc,Front,106073,90/90-17 ZOOM X3 F  TL 49P,,106760,,,,
Motorcycle,TVS,Apache,160 cc,Front,106073,90/90-17 ZOOM X3 F  TL 49P,,106760,,,,
Motorcycle,TVS,Apache,200 cc,Front,106073,90/90-17 ZOOM X3 F  TL 49P,,106760,,,,
Motorcycle,TVS,Apache,RTR 160 Hyper Edge,Front,106073,90/90-17 ZOOM X3 F  TL 49P,,106760,,,,
Motorcycle,Hero,Karizma,200 cc,Rear,106202,120/80-18 GRIPP XL TL 62P,,103035,,,,
Motorcycle,Hero,Xpulse,200 cc,Rear,106202,120/80-18 GRIPP XL TL 62P,,103035,,,,
Motorcycle,Royal Enfield,Classic,500 cc,Rear,106202,120/80-18 GRIPP XL TL 62P,,103035,,,,
Motorcycle,Royal Enfield,Thunderbird,500 cc,Rear,106202,120/80-18 GRIPP XL TL 62P,,103035,,,,
Motorcycle,Royal Enfield,Interceptor,650 cc,Front,106205,100/90-18 ZOOM CRUZ F TT 56H,,106360,,,,
Motorcycle,Royal Enfield,Continental GT,650 cc,Front,106205,100/90-18 ZOOM CRUZ F TT 56H,,106360,,,,
Motorcycle,Royal Enfield,Interceptor,650 cc,Rear,106206,130/70-18 ZOOM CRUZ TT 63H,,,,,,
Motorcycle,Royal Enfield,Continental GT,650 cc,Rear,106206,130/70-18 ZOOM CRUZ TT 63H,,,,,,
Motorcycle,Bajaj,Platina,110 cc,Front,106207,80/100-17 ZOOM X3 F TL 46P,,105169,106501,106517,,
Motorcycle,Bajaj,Discover,150 cc,Front,106207,80/100-17 ZOOM X3 F TL 46P,,105169,106501,106517,,
Motorcycle,Bajaj,Pulsar,125 cc,Front,106207,80/100-17 ZOOM X3 F TL 46P,,105169,106501,106517,,
Motorcycle,Bajaj,Pulsar,150 cc,Front,106207,80/100-17 ZOOM X3 F TL 46P,,105169,106501,106517,,
Motorcycle,Bajaj,Pulsar,AS 160 cc,Front,106207,80/100-17 ZOOM X3 F TL 46P,,105169,106501,106517,,
Motorcycle,Bajaj,Pulsar,NS 160 cc,Front,106207,80/100-17 ZOOM X3 F TL 46P,,105169,106501,106517,,
Motorcycle,Hero,Ignitor,125 cc,Front,106207,80/100-17 ZOOM X3 F TL 46P,,105169,106501,106517,,
Motorcycle,Honda,CBF Stunner,125 cc,Front,106207,80/100-17 ZOOM X3 F TL 46P,,105169,106501,106517,,
Motorcycle,Honda,CB Twister,125 cc,Front,106207,80/100-17 ZOOM X3 F TL 46P,,105169,106501,106517,,
Motorcycle,Honda,Trigger,100 cc,Front,106207,80/100-17 ZOOM X3 F TL 46P,,105169,106501,106517,,
Motorcycle,Honda,Unicorn,160 cc,Front,106207,80/100-17 ZOOM X3 F TL 46P,,105169,106501,106517,,
Motorcycle,Honda,Xblade,160 cc,Front,106207,80/100-17 ZOOM X3 F TL 46P,,105169,106501,106517,,
Motorcycle,Bajaj,Pulsar,NS 125 cc,Front,106207,80/100-17 ZOOM X3 F TL 46P,,105169,106501,106517,,
Motorcycle,Bajaj,Avenger,220 cc,Rear,106209,130/90-15 ZOOM X3 TL 66P,,,,,,
Motorcycle,Bajaj,Avenger,160 cc,Rear,106209,130/90-15 ZOOM X3 TL 66P,,,,,,
Motorcycle,Bajaj,Avenger,150 cc,Rear,106209,130/90-15 ZOOM X3 TL 66P,,,,,,
Motorcycle,Jawa,Perak,350 cc,Front,106360,100/90-18 ZOOM CRUZ F  56 H TL,,,,,,
Motorcycle,Jawa,Perak,350 cc,Rear,106361,140/70-17 ZOOM CRUZ 66 H TL,,106388,101824,105808,,
Motorcycle,Royal Enfield,Classic,350 cc,Rear,106718,110/90-18 GRIPP XL TT 61P,,103034,,,,
Motorcycle,Royal Enfield,Thunderbird,350 cc,Rear,106718,110/90-18 GRIPP XL TT 61P,,103034,,,,
Motorcycle,Yamaha,FZ 16,150 cc,Rear,113709,140/60R17 CROSSRAD TL 63H,,107819,,,,
Motorcycle,Yamaha,Fazer,150 cc,Rear,113709,140/60R17 CROSSRAD TL 63H,,107819,,,,
Motorcycle,Suzuki,Gixxer,155 cc,Rear,113709,140/60R17 CROSSRAD TL 63H,,107819,,,,
Motorcycle,Suzuki,Intruder,155 cc,Rear,113709,140/60R17 CROSSRAD TL 63H,,107819,,,,
Motorcycle,Royal Enfield,Himalayan,411 cc,Rear,107820,120/90-17 GRIPP XL PLUS 64S TT,,,,,,
Motorcycle,Honda,CBR,250 cc,Rear,113263,140/70-17 GRIPP X5 TL 66H,,101824,106388,105808,106361,
Motorcycle,Honda,Hornet,160R,Rear,113263,140/70-17 GRIPP X5 TL 66H,,101824,106388,105808,106361,
Motorcycle,Yamaha,FZ25,250 cc,Rear,113263,140/70-17 GRIPP X5 TL 66H,,101824,106388,105808,106361,
Motorcycle,Yamaha,MT15,MT15,Rear,113263,140/70-17 GRIPP X5 TL 66H,,101824,106388,105808,106361,
Motorcycle,Yamaha,R15,155 cc,Rear,113263,140/70-17 GRIPP X5 TL 66H,,101824,106388,105808,106361,
Motorcycle,Bajaj,Pulsar,150 cc Twin Disc,Rear,113264,120/80-17 GRIPP X5 TL 61P,,106074,,,,
Motorcycle,Bajaj,Pulsar,180 cc,Rear,113264,120/80-17 GRIPP X5 TL 61P,,106074,,,,
Motorcycle,Bajaj,Pulsar,160 cc,Rear,113264,120/80-17 GRIPP X5 TL 61P,,106074,,,,
Motorcycle,Bajaj,Pulsar,220 cc,Rear,113264,120/80-17 GRIPP X5 TL 61P,,106074,,,,
Motorcycle,Hero,Hunk,150 cc,Rear,113265,100/90-18 GRIPP X5 TL 56P,,106384,101961,106762,106763,
Motorcycle,Honda,Unicorn,150 cc,Rear,113265,100/90-18 GRIPP X5 TL 56P,,106384,101961,106762,106763,
Motorcycle,Honda,Unicorn,150 cc,Rear,113265,100/90-18 GRIPP X5 TL 56P,,106384,101961,106762,106763,
Motorcycle,Suzuki,GS 150,150 cc,Rear,113265,100/90-18 GRIPP X5 TL 56P,,106384,101961,106762,106763,
Motorcycle,TVS,Apache,RTR 160 Hyper Edge,Rear,113265,100/90-18 GRIPP X5 TL 56P,,,,,,
Motorcycle,Bajaj,Discover,125 cc,Rear,113266,100/90-17 GRIPP X5 TL 55P,,106210,106503,106761,,
Motorcycle,Bajaj,Discover,150 cc,Rear,113266,100/90-17 GRIPP X5 TL 55P,,106210,106503,106761,,
Motorcycle,Bajaj,Pulsar,135 cc,Rear,113266,100/90-17 GRIPP X5 TL 55P,,106210,106503,106761,,
Motorcycle,Bajaj,Pulsar,125 cc,Rear,113266,100/90-17 GRIPP X5 TL 55P,,106210,106503,106761,,
Motorcycle,Bajaj,Pulsar,150 cc,Rear,113266,100/90-17 GRIPP X5 TL 55P,,106210,106503,106761,,
Motorcycle,Bajaj,XCD,100 cc,Rear,113266,100/90-17 GRIPP X5 TL 55P,,106210,106503,106761,,
Motorcycle,Hero,Ignitor,125 cc,Rear,113266,100/90-17 GRIPP X5 TL 55P,,106210,106503,106761,,
Motorcycle,Honda,CBF Stunner,125 cc,Rear,113266,100/90-17 GRIPP X5 TL 55P,,106210,,106503,106761,
Motorcycle,Yamaha,SZ RR,150 cc,Rear,113266,100/90-17 GRIPP X5 TL 55P,,106210,,106503,106761,
Motorcycle,TVS,Flame,135 cc,Rear,113266,100/90-17 GRIPP X5 TL 55P,,106210,106503,106761,,
Motorcycle,Bajaj,Pulsar,NS 125 cc,Rear,113266,100/90-17 GRIPP X5 TL 55P,,106210,106503,106761,,
Motorcycle,Hero,Achiever,150 cc,Rear,113267,80/100-18 GRIPP X5 TL 54P,,101957,103065,105761,106500,102573
Motorcycle,Hero,Glamour,125 cc,Rear,113267,80/100-18 GRIPP X5 TL 54P,,101957,103065,105761,106500,102573
Motorcycle,Hero,Splendor,Splendor +,Rear,113267,80/100-18 GRIPP X5 TL 54P,,101957,103065,105761,106500,102573
Motorcycle,Hero,Splendor,Splendor I Smart 125 cc,Rear,113267,80/100-18 GRIPP X5 TL 54P,,101957,103065,105761,106500,102573
Motorcycle,Hero,Passion,Passion Pro 110 cc,Rear,113267,80/100-18 GRIPP X5 TL 54P,,101957,103065,105761,106500,102573
Motorcycle,Honda,Dream,110 cc,Rear,113267,80/100-18 GRIPP X5 TL 54P,,101957,103065,105761,106500,102573
Motorcycle,Honda,Shine,125 cc,Rear,113267,80/100-18 GRIPP X5 TL 54P,,101957,103065,105761,106500,102573
Motorcycle,Honda,Livo,110 cc,Rear,113267,80/100-18 GRIPP X5 TL 54P,,101957,103065,105761,106500,102573
Motorcycle,Yamaha,Saluto,125 cc,Rear,113267,80/100-18 GRIPP X5 TL 54P,,101957,103065,105761,106500,102573
Motorcycle,Bajaj,Boxer,100 cc,Rear,113268,3.00-17 GRIPP X5 TT 50P,,101673,102975,105764,,
Motorcycle,Bajaj,CT,100 cc,Rear,113268,3.00-17 GRIPP X5 TT 50P,,101673,102975,105764,,
Motorcycle,Bajaj,CT,110 cc,Rear,113268,3.00-17 GRIPP X5 TT 50P,,101673,102975,105764,,
Motorcycle,Bajaj,Platina,100 cc,Rear,113268,3.00-17 GRIPP X5 TT 50P,,101673,102975,105764,,
Motorcycle,Bajaj,Discover,110 cc,Rear,113268,3.00-17 GRIPP X5 TT 50P,,101673,102975,105764,,
Motorcycle,Yamaha,Saluto RX,110 cc,Rear,113268,3.00-17 GRIPP X5 TT 50P,,101673,102975,105764,,
Motorcycle,TVS,Jive,125 cc,Rear,113268,3.00-17 GRIPP X5 TT 50P,,101673,102975,105764,,
Motorcycle,TVS,MAX 1,100 cc,Rear,113268,3.00-17 GRIPP X5 TT 50P,,101673,102975,105764,,
Motorcycle,TVS,Star City,110 cc,Rear,113268,3.00-17 GRIPP X5 TT 50P,,101673,102975,105764,,
Motorcycle,TVS,Sport,100 cc,Rear,113268,3.00-17 GRIPP X5 TT 50P,,101673,102975,105764,,
Motorcycle,TVS,Victor,125 cc,Rear,113268,3.00-17 GRIPP X5 TT 50P,,101673,102975,105764,,
Motorcycle,Hero,CD,100cc,Rear,113269,2.75-18 GRIPP X5 TT 48P,,102976,101672,105763,,
Motorcycle,Hero,CD,Dawn 100 cc,Rear,113269,2.75-18 GRIPP X5 TT 48P,,102976,101672,105763,,
Motorcycle,Hero,Splendor,Splendor 100 cc,Rear,113269,2.75-18 GRIPP X5 TT 48P,,102976,101672,105763,,
Motorcycle,Hero,HF Deluxe,100 cc,Rear,113269,2.75-18 GRIPP X5 TT 48P,,102976,101672,105763,,
Motorcycle,Yamaha,Enticer,125 cc,Rear,113269,2.75-18 GRIPP X5 TT 48P,,102976,101672,105763,,
Motorcycle,Bajaj,Calliber,100 cc,Rear,113310,3.00-18 GRIPP X5 TT 52P,,102974,101494,105765,,
Motorcycle,Bajaj,Wind,125 cc,Rear,113310,3.00-18 GRIPP X5 TT 52P,,102974,101494,105765,,
Motorcycle,Hero,Ambition,135 cc,Rear,113310,3.00-18 GRIPP X5 TT 52P,,102974,101494,105765,,
Motorcycle,Hero,Glamour,125 cc,Rear,113310,3.00-18 GRIPP X5 TT 52P,,102974,101494,105765,,
Motorcycle,Hero,Passion,100 cc,Rear,113310,3.00-18 GRIPP X5 TT 52P,,102974,101494,105765,,
Motorcycle,Yamaha,Alba,100 cc,Rear,113310,3.00-18 GRIPP X5 TT 52P,,102974,101494,105765,,
Motorcycle,Yamaha,Crux R,100 cc,Rear,113310,3.00-18 GRIPP X5 TT 52P,,102974,101494,105765,,
Motorcycle,Yamaha,G5,150 cc,Rear,113310,3.00-18 GRIPP X5 TT 52P,,102974,101494,105765,,
Motorcycle,Yamaha,Gladiator,125 cc,Rear,113310,3.00-18 GRIPP X5 TT 52P,,102974,101494,105765,,
Motorcycle,Yamaha,YBR,YBR,Rear,113310,3.00-18 GRIPP X5 TT 52P,,102974,101494,105765,,
Motorcycle,Mahindra,Centuro,100 cc,Rear,113310,3.00-18 GRIPP X5 TT 52P,,102974,101494,105765,,
Motorcycle,Mahindra,PANTERO,100 cc,Rear,113310,3.00-18 GRIPP X5 TT 52P,,102974,101494,105765,,
Motorcycle,Mahindra,Stallion,100 cc,Rear,113310,3.00-18 GRIPP X5 TT 52P,,102974,101494,105765,,
Motorcycle,Suzuki,Heat,125 cc,Rear,113310,3.00-18 GRIPP X5 TT 52P,,102974,101494,105765,,
Motorcycle,Suzuki,Sling Shot,125 cc,Rear,113310,3.00-18 GRIPP X5 TT 52P,,102974,101494,105765,,
Motorcycle,Suzuki,Zeus,125 cc,Rear,113310,3.00-18 GRIPP X5 TT 52P,,102974,101494,105765,,
Motorcycle,TVS,Radeon,110 cc,Rear,113310,3.00-18 GRIPP X5 TT 52P,,102974,101494,105765,,
Motorcycle,Hero,CBZ Xtreme,150 cc,Rear,,110/90-18 ZOOM PLUS  TT 61P,,103034,,,,
Motorcycle,Aprilia,RS 457,457 cc,Front,113494,110/70ZR17 SPORTRAD TL 54W,,104976,,,,
Motorcycle,Aprilia,RS 457,457 cc,Front,113496,150/60ZR17 SPORTRAD TL 66W,,104974,,,,
Motorcycle,BMW ,GS 310,310 CC,Front,113577,110/80R19 CROSSRAD TL 59V,,,,,,
Motorcycle,SUZUKI ,V-STORM 650,645 CC,Front,113577,110/80R19 CROSSRAD TL 59V,,,,,,
Motorcycle,SUZUKI ,V-STORM 1000,1037 CC,Front,113577,110/80R19 CROSSRAD TL 59V,,,,,,
Motorcycle,BMW ,GS 750,853 CC,Rear,113578,150/70R17 CROSSRAD TL 69V,,,,,,
Motorcycle,SUZUKI ,VSTORM 650,645 CC,Rear,113578,150/70R17 CROSSRAD TL 69V,,,,,,
Motorcycle,SUZUKI ,VSTORM 650,1037 CC,Rear,113578,150/70R17 CROSSRAD TL 69V,,,,,,
Motorcycle,BMW ,GS 310,310 CC,Rear,113578,150/70R17 CROSSRAD TL 69V,,,,,,
Motorcycle,TRIUMPH ,STREET SCRAMBLER,900 CC,Rear,113578,150/70R17 CROSSRAD TL 69V,,,,,,
Motorcycle,Kawasaki,ZX-10R,998CC,Front,113895,120/70ZR17 SPORTRAD ST TL  58W,,,,,,
Motorcycle,Kawasaki,ZX-10R,998CC,Rear,113921,190/55ZR17 SPORTRAD ST 75W,,,,,,
Motorcycle,Kawasaki,Versys 650,649CC,Front,113895,120/70ZR17 SPORTRAD ST TL  58W,,,,,,
Motorcycle,Kawasaki,Z650RS,649CC,Front,113895,120/70ZR17 SPORTRAD ST TL  58W,,,,,,
Motorcycle,BMW ,S1000R,999CC,Front,113895,120/70ZR17 SPORTRAD ST TL  58W,,,,,,
Motorcycle,BMW ,S1000R,999CC,Rear,113921,190/55ZR17 SPORTRAD ST 75W,,,,,,
Motorcycle,BMW ,R1200RS,1170CC,Front,113895,120/70ZR17 SPORTRAD ST TL  58W,,,,,,
Motorcycle,BMW ,R1200RS,1170CC,Rear,113896,180/55ZR17 SPORTRAD ST TL  73W,,,,,,
Motorcycle,BMW ,S1000XR,999CC,Front,113895,120/70ZR17 SPORTRAD ST TL  58W,,,,,,
Motorcycle,BMW ,S1000XR,999CC,Rear,113921,190/55ZR17 SPORTRAD ST 75W,,,,,,
Motorcycle,Suzuki,GSX-R1000,999CC,Front,113895,120/70ZR17 SPORTRAD ST TL  58W,,,,,,
Motorcycle,Suzuki,GSX-R1000,999CC,Rear,113921,190/55ZR17 SPORTRAD ST 75W,,,,,,
Motorcycle,Royal Enfield,Gureilla 450,452CC,Front,113895,120/70ZR17 SPORTRAD ST TL  58W,,,,,,
Motorcycle,Honda,CBR650F,648CC,Font,113895,120/70ZR17 SPORTRAD ST TL  58W,,,,,,
Motorcycle,Honda,CBR650F,648CC,Rear,113896,180/55ZR17 SPORTRAD ST TL  73W,,,,,,
Motorcycle,KTM,Duke,890CC,Font,113895,120/70ZR17 SPORTRAD ST TL  58W,,,,,,
Motorcycle,KTM,Duke,890CC,Rear,113896,180/55ZR17 SPORTRAD ST TL  73W,,,,,,
Motorcycle,RE,Himalayan,411cc,Rear,115113,120/90-17 Gripp XC TT 64R,,,,,,
Motorcycle,RE,Goan Classic,349cc,Front,112903,100/90-19 Zoom Classic F TL 63P,,,,,,
Motorcycle,RE,Goan Classic,349cc,Rear,112902,130/90-16 Zoom Classic TL 74P,,,,,,
